Gene,Sample_name,FWD_primer,REV_primer,Reference_seqence,Protospacer_sequence_plus_PAM
OCA2,XTOCA2-AMPLICONSEQ1-F,CAATATGTTTGTCTGTCTTGGGCTTT,CTATAAGGGGTTACAGCACTGATATG,CTGTCTTGGGCTTTGTCATCTTTATGTTTTTTCTCAATTCATTTGTTCCAGAAATTCATCTGGACCTGGGTGAGTTCAGCTTTCTGTATATCTTTAGAATAATACCAGCACTGTTTATTATAAATAAAAAATGAAGGTAATATTTAAAATGGAAAAAATACAAGAAAGAAACTTACCATAGTCATATCAGTGCTGT,CCTGGGTGAGTTCAGCTTTCTGT
OCA2,XTOCA2-AMPLICONSEQ2-F,ACACATGTTTGTCTGTCTTGGGCTTT,GACTAAGGGGTTACAGCACTGATATG,CTGTCTTGGGCTTTGTCATCTTTATGTTTTTTCTCAATTCATTTGTTCCAGAAATTCATCTGGACCTGGGTGAGTTCAGCTTTCTGTATATCTTTAGAATAATACCAGCACTGTTTATTATAAATAAAAAATGAAGGTAATATTTAAAATGGAAAAAATACAAGAAAGAAACTTACCATAGTCATATCAGTGCTGT,CCTGGGTGAGTTCAGCTTTCTGT
OCA2,XTOCA2-AMPLICONSEQ3-F,TTACATGTTTGTCTGTCTTGGGCTTT,TGACAAGGGGTTACAGCACTGATATG,CTGTCTTGGGCTTTGTCATCTTTATGTTTTTTCTCAATTCATTTGTTCCAGAAATTCATCTGGACCTGGGTGAGTTCAGCTTTCTGTATATCTTTAGAATAATACCAGCACTGTTTATTATAAATAAAAAATGAAGGTAATATTTAAAATGGAAAAAATACAAGAAAGAAACTTACCATAGTCATATCAGTGCTGT,CCTGGGTGAGTTCAGCTTTCTGT
OCA2,XTOCA2-AMPLICONSEQ4-F,AATGATGTTTGTCTGTCTTGGGCTTT,TGCAAAGGGGTTACAGCACTGATATG,CTGTCTTGGGCTTTGTCATCTTTATGTTTTTTCTCAATTCATTTGTTCCAGAAATTCATCTGGACCTGGGTGAGTTCAGCTTTCTGTATATCTTTAGAATAATACCAGCACTGTTTATTATAAATAAAAAATGAAGGTAATATTTAAAATGGAAAAAATACAAGAAAGAAACTTACCATAGTCATATCAGTGCTGT,CCTGGGTGAGTTCAGCTTTCTGT
OCA2,XTOCA2-AMPLICONSEQ5-F,GTACATGTTTGTCTGTCTTGGGCTTT,GGACAAGGGGTTACAGCACTGATATG,CTGTCTTGGGCTTTGTCATCTTTATGTTTTTTCTCAATTCATTTGTTCCAGAAATTCATCTGGACCTGGGTGAGTTCAGCTTTCTGTATATCTTTAGAATAATACCAGCACTGTTTATTATAAATAAAAAATGAAGGTAATATTTAAAATGGAAAAAATACAAGAAAGAAACTTACCATAGTCATATCAGTGCTGT,CCTGGGTGAGTTCAGCTTTCTGT
PAX6,XTPAX6-AMPLICONSEQ1-F,CGATTCTTCTCCGTTATGTTTGAGGA,CCTGTACAGCTTTGTCACCTGCAGAA,GTTATGTTTGAGGAATTCTGTCGCACCTACAGCGATTGATTAACGTCTTTCAATTGAATGTCCCTAGGTCACAGCGGAGTCAATCAACTCGGGGGAGTGTTTGTGAACGGCCGACCCCTGCCCGACTCCACCAGGCAGAAGATCGTGGAACTGGCGCACAGCGGCGCACGTCCCTGCGACATTTCTCGGATTCTGCAGGTGACA,CCCTAGGTCACAGCGGAGTCAAT
PAX6,XTPAX6-AMPLICONSEQ2-F,GGCGTCTTCTCCGTTATGTTTGAGGA,GTTTTACAGCTTTGTCACCTGCAGAA,GTTATGTTTGAGGAATTCTGTCGCACCTACAGCGATTGATTAACGTCTTTCAATTGAATGTCCCTAGGTCACAGCGGAGTCAATCAACTCGGGGGAGTGTTTGTGAACGGCCGACCCCTGCCCGACTCCACCAGGCAGAAGATCGTGGAACTGGCGCACAGCGGCGCACGTCCCTGCGACATTTCTCGGATTCTGCAGGTGACA,CCCTAGGTCACAGCGGAGTCAAT
PAX6,XTPAX6-AMPLICONSEQ3-F,AAACTCTTCTCCGTTATGTTTGAGGA,TAACTACAGCTTTGTCACCTGCAGAA,GTTATGTTTGAGGAATTCTGTCGCACCTACAGCGATTGATTAACGTCTTTCAATTGAATGTCCCTAGGTCACAGCGGAGTCAATCAACTCGGGGGAGTGTTTGTGAACGGCCGACCCCTGCCCGACTCCACCAGGCAGAAGATCGTGGAACTGGCGCACAGCGGCGCACGTCCCTGCGACATTTCTCGGATTCTGCAGGTGACA,CCCTAGGTCACAGCGGAGTCAAT
PAX6,XTPAX6-AMPLICONSEQ4-F,GAACTCTTCTCCGTTATGTTTGAGGA,CAACTACAGCTTTGTCACCTGCAGAA,GTTATGTTTGAGGAATTCTGTCGCACCTACAGCGATTGATTAACGTCTTTCAATTGAATGTCCCTAGGTCACAGCGGAGTCAATCAACTCGGGGGAGTGTTTGTGAACGGCCGACCCCTGCCCGACTCCACCAGGCAGAAGATCGTGGAACTGGCGCACAGCGGCGCACGTCCCTGCGACATTTCTCGGATTCTGCAGGTGACA,CCCTAGGTCACAGCGGAGTCAAT
PAX6,XTPAX6-AMPLICONSEQ5-F,ATACTCTTCTCCGTTATGTTTGAGGA,AGACTACAGCTTTGTCACCTGCAGAA,GTTATGTTTGAGGAATTCTGTCGCACCTACAGCGATTGATTAACGTCTTTCAATTGAATGTCCCTAGGTCACAGCGGAGTCAATCAACTCGGGGGAGTGTTTGTGAACGGCCGACCCCTGCCCGACTCCACCAGGCAGAAGATCGTGGAACTGGCGCACAGCGGCGCACGTCCCTGCGACATTTCTCGGATTCTGCAGGTGACA,CCCTAGGTCACAGCGGAGTCAAT
Slc45a2,Xtslc45a2-ampliconseq1-F,gaatcattcagaaagcacttcttcca,gtatcttctcggtgatactcggaaat,AAGCACTTCTTCCATATATCGGATTGAAAGGCCTATATTTCCTTGGCTACCTTCTGTTTGGATTGGGCACTGGGTTTATTGGGCTGTTTCCCAATGTTTACTCCACCCTAGTCCTCTGCTCCCTTTTTGGGGTAATGTCAAGTACCTTGTACACTGTGCCCTTCAATCTGATTTCCGAGTATCA,CCACCCTAGTCCTCTGCTCCCTT
Slc45a2,Xtslc45a2-ampliconseq2-F,cacacattcagaaagcacttcttcca,atatcttctcggtgatactcggaaat,AAGCACTTCTTCCATATATCGGATTGAAAGGCCTATATTTCCTTGGCTACCTTCTGTTTGGATTGGGCACTGGGTTTATTGGGCTGTTTCCCAATGTTTACTCCACCCTAGTCCTCTGCTCCCTTTTTGGGGTAATGTCAAGTACCTTGTACACTGTGCCCTTCAATCTGATTTCCGAGTATCA,CCACCCTAGTCCTCTGCTCCCTT
Slc45a2,Xtslc45a2-ampliconseq3-F,agatcattcagaaagcacttcttcca,acatcttctcggtgatactcggaaat,AAGCACTTCTTCCATATATCGGATTGAAAGGCCTATATTTCCTTGGCTACCTTCTGTTTGGATTGGGCACTGGGTTTATTGGGCTGTTTCCCAATGTTTACTCCACCCTAGTCCTCTGCTCCCTTTTTGGGGTAATGTCAAGTACCTTGTACACTGTGCCCTTCAATCTGATTTCCGAGTATCA,CCACCCTAGTCCTCTGCTCCCTT
Slc45a2,Xtslc45a2-ampliconseq4-F,taatcattcagaaagcacttcttcca,ttatcttctcggtgatactcggaaat,AAGCACTTCTTCCATATATCGGATTGAAAGGCCTATATTTCCTTGGCTACCTTCTGTTTGGATTGGGCACTGGGTTTATTGGGCTGTTTCCCAATGTTTACTCCACCCTAGTCCTCTGCTCCCTTTTTGGGGTAATGTCAAGTACCTTGTACACTGTGCCCTTCAATCTGATTTCCGAGTATCA,CCACCCTAGTCCTCTGCTCCCTT
Slc45a2,Xtslc45a2-ampliconseq5-F,tgatcattcagaaagcacttcttcca,tttccttctcggtgatactcggaaat,AAGCACTTCTTCCATATATCGGATTGAAAGGCCTATATTTCCTTGGCTACCTTCTGTTTGGATTGGGCACTGGGTTTATTGGGCTGTTTCCCAATGTTTACTCCACCCTAGTCCTCTGCTCCCTTTTTGGGGTAATGTCAAGTACCTTGTACACTGTGCCCTTCAATCTGATTTCCGAGTATCA,CCACCCTAGTCCTCTGCTCCCTT
Tyr,Xttyr-ampliconseq1-F,ttaaagcagcatggaaaggaacatg,ttaacagagctggtcaggacaacatc,GGAAAGGAACATGGTCCCTCTGGCATTCTGCTGCCTGTTCTTCTTCCTCCATGTTTGCAGGGGCCAGTTCCCAAGGGCATGTAGCACCGCAGAGTCGCTCCTGAGCAAGGAGTGTTGCCCTGTGTGGTCTGGAGATGGGTCCTCTTGTGGCCAGCTATCAGGAAGGGGTGTCTGCCAGGATGTTGTCCTGAC,CCATGTTTGCAGGGGCCAGTTCC
Tyr,Xttyr-ampliconseq10-F,gtcgagcagcatggaaaggaacatg,gccgcagagctggtcaggacaacatc,GGAAAGGAACATGGTCCCTCTGGCATTCTGCTGCCTGTTCTTCTTCCTCCATGTTTGCAGGGGCCAGTTCCCAAGGGCATGTAGCACCGCAGAGTCGCTCCTGAGCAAGGAGTGTTGCCCTGTGTGGTCTGGAGATGGGTCCTCTTGTGGCCAGCTATCAGGAAGGGGTGTCTGCCAGGATGTTGTCCTGAC,CCATGTTTGCAGGGGCCAGTTCC
Tyr,Xttyr-ampliconseq2-F,aacgagcagcatggaaaggaacatg,atcgcagagctggtcaggacaacatc,GGAAAGGAACATGGTCCCTCTGGCATTCTGCTGCCTGTTCTTCTTCCTCCATGTTTGCAGGGGCCAGTTCCCAAGGGCATGTAGCACCGCAGAGTCGCTCCTGAGCAAGGAGTGTTGCCCTGTGTGGTCTGGAGATGGGTCCTCTTGTGGCCAGCTATCAGGAAGGGGTGTCTGCCAGGATGTTGTCCTGAC,CCATGTTTGCAGGGGCCAGTTCC
Tyr,Xttyr-ampliconseq3-F,agcgagcagcatggaaaggaacatg,accgcagagctggtcaggacaacatc,GGAAAGGAACATGGTCCCTCTGGCATTCTGCTGCCTGTTCTTCTTCCTCCATGTTTGCAGGGGCCAGTTCCCAAGGGCATGTAGCACCGCAGAGTCGCTCCTGAGCAAGGAGTGTTGCCCTGTGTGGTCTGGAGATGGGTCCTCTTGTGGCCAGCTATCAGGAAGGGGTGTCTGCCAGGATGTTGTCCTGAC,CCATGTTTGCAGGGGCCAGTTCC
Tyr,Xttyr-ampliconseq4-F,acgagcagcatggaaaggaacatg,gtagcagagctggtcaggacaacatc,GGAAAGGAACATGGTCCCTCTGGCATTCTGCTGCCTGTTCTTCTTCCTCCATGTTTGCAGGGGCCAGTTCCCAAGGGCATGTAGCACCGCAGAGTCGCTCCTGAGCAAGGAGTGTTGCCCTGTGTGGTCTGGAGATGGGTCCTCTTGTGGCCAGCTATCAGGAAGGGGTGTCTGCCAGGATGTTGTCCTGAC,CCATGTTTGCAGGGGCCAGTTCC
Tyr,Xttyr-ampliconseq5-F,cacgagcagcatggaaaggaacatg,tatgcagagctggtcaggacaacatc,GGAAAGGAACATGGTCCCTCTGGCATTCTGCTGCCTGTTCTTCTTCCTCCATGTTTGCAGGGGCCAGTTCCCAAGGGCATGTAGCACCGCAGAGTCGCTCCTGAGCAAGGAGTGTTGCCCTGTGTGGTCTGGAGATGGGTCCTCTTGTGGCCAGCTATCAGGAAGGGGTGTCTGCCAGGATGTTGTCCTGAC,CCATGTTTGCAGGGGCCAGTTCC
Tyr,Xttyr-ampliconseq6-F,ttcgagcagcatggaaaggaacatg,tccgcagagctggtcaggacaacatc,GGAAAGGAACATGGTCCCTCTGGCATTCTGCTGCCTGTTCTTCTTCCTCCATGTTTGCAGGGGCCAGTTCCCAAGGGCATGTAGCACCGCAGAGTCGCTCCTGAGCAAGGAGTGTTGCCCTGTGTGGTCTGGAGATGGGTCCTCTTGTGGCCAGCTATCAGGAAGGGGTGTCTGCCAGGATGTTGTCCTGAC,CCATGTTTGCAGGGGCCAGTTCC
Tyr,Xttyr-ampliconseq7-F,tgcgagcagcatggaaaggaacatg,ggttcagagctggtcaggacaacatc,GGAAAGGAACATGGTCCCTCTGGCATTCTGCTGCCTGTTCTTCTTCCTCCATGTTTGCAGGGGCCAGTTCCCAAGGGCATGTAGCACCGCAGAGTCGCTCCTGAGCAAGGAGTGTTGCCCTGTGTGGTCTGGAGATGGGTCCTCTTGTGGCCAGCTATCAGGAAGGGGTGTCTGCCAGGATGTTGTCCTGAC,CCATGTTTGCAGGGGCCAGTTCC
Tyr,Xttyr-ampliconseq8-F,ctcgagcagcatggaaaggaacatg,cccgcagagctggtcaggacaacatc,GGAAAGGAACATGGTCCCTCTGGCATTCTGCTGCCTGTTCTTCTTCCTCCATGTTTGCAGGGGCCAGTTCCCAAGGGCATGTAGCACCGCAGAGTCGCTCCTGAGCAAGGAGTGTTGCCCTGTGTGGTCTGGAGATGGGTCCTCTTGTGGCCAGCTATCAGGAAGGGGTGTCTGCCAGGATGTTGTCCTGAC,CCATGTTTGCAGGGGCCAGTTCC
Tyr,Xttyr-ampliconseq9-F,cgcgagcagcatggaaaggaacatg,gacgcagagctggtcaggacaacatc,GGAAAGGAACATGGTCCCTCTGGCATTCTGCTGCCTGTTCTTCTTCCTCCATGTTTGCAGGGGCCAGTTCCCAAGGGCATGTAGCACCGCAGAGTCGCTCCTGAGCAAGGAGTGTTGCCCTGTGTGGTCTGGAGATGGGTCCTCTTGTGGCCAGCTATCAGGAAGGGGTGTCTGCCAGGATGTTGTCCTGAC,CCATGTTTGCAGGGGCCAGTTCC
tyrp1,xttyrp1-ampliconseq1-f,ggatggctgctcaagacagcattat,cggggtcattaggatctggggactgt,aagacagcattatgtctctctacaaaaattgcagtctttacattgtggtaattttattcctccatcattatgatcaagtatctgcacaatttcccagacaatgtgccactgcgcaggcactgctaagtggggaatgttgcccagggcttttccctggacagtccccagatc,tgcgcaggcactgctaagtgggg
tyrp1,xttyrp1-ampliconseq2-f,gacaggctgctcaagacagcattat,gcaggtcattaggatctggggactgt,aagacagcattatgtctctctacaaaaattgcagtctttacattgtggtaattttattcctccatcattatgatcaagtatctgcacaatttcccagacaatgtgccactgcgcaggcactgctaagtggggaatgttgcccagggcttttccctggacagtccccagatc,tgcgcaggcactgctaagtgggg
tyrp1,xttyrp1-ampliconseq3-f,ctacggctgctcaagacagcattat,cgacgtcattaggatctggggactgt,aagacagcattatgtctctctacaaaaattgcagtctttacattgtggtaattttattcctccatcattatgatcaagtatctgcacaatttcccagacaatgtgccactgcgcaggcactgctaagtggggaatgttgcccagggcttttccctggacagtccccagatc,tgcgcaggcactgctaagtgggg
tyrp1,xttyrp1-ampliconseq4-f,gaagggctgctcaagacagcattat,aaatgtcattaggatctggggactgt,aagacagcattatgtctctctacaaaaattgcagtctttacattgtggtaattttattcctccatcattatgatcaagtatctgcacaatttcccagacaatgtgccactgcgcaggcactgctaagtggggaatgttgcccagggcttttccctggacagtccccagatc,tgcgcaggcactgctaagtgggg
tyrp1,xttyrp1-ampliconseq5-f,taagggctgctcaagacagcattat,aacagtcattaggatctggggactgt,aagacagcattatgtctctctacaaaaattgcagtctttacattgtggtaattttattcctccatcattatgatcaagtatctgcacaatttcccagacaatgtgccactgcgcaggcactgctaagtggggaatgttgcccagggcttttccctggacagtccccagatc,tgcgcaggcactgctaagtgggg